{"report":{
"title": "Ineos's fracking dream hits a squall",
"source": "www.telegraph.co.uk",
"content": "Jim Ratcliffe has a message for Britain. The billionaire founder of chemicals giant Ineos believes shale gas is good for manufacturing - and he wants everyone to know about it.And so, as dawn broke over the Firth of Forth today, media were invited to witness his Ineos Insight ship sail under the Forth Bridge, a lone piper and Britain's first import of shale gas on board - and the words "It wasn't exactly subtle, but then Ratcliffe is clearly not the kind of man who does things by halves.Faced with he could well have shut the site down several years ago.Instead, he embarked on Ineos's most ambitious project to date and what, by his own admission, was "quite a gamble": creating a "virtual pipeline" to import replacement ethane from the United States, where the shale gas revolution has made it abundant.Â Ineos is taking gas extracted by fracking shale rocks two miles underground in West Pennsylvania, separating out the ethane and transporting it 300 miles through a newly constructed pipeline to the east coast. There, it is supercooling it at a new export terminal and then shipping it 3,500 miles across the Atlantic using a specially designed new fleet of ships.Tuesday lunchtime was supposed to mark the culmination of that journey: the first ship's arrival at Grangemouth, where it was to be greeted by a full pipe band and about 300 guests.With wind threatening to blow Ineos's party marquee away, it was left to admit that its prize ship had been unable to safely enter the Grangemouth lock as gusts hitÂ 50 knots - and was instead retreating back up the firth."Don't you love the Scottish weather," Ratcliffe deadpanned. "All these challenges we had to face in this project but we couldn't cope with the Scottish weather."While Ineos's detractors cheered its misfortune today, it is unlikely to be more than a temporary setback. And when the wind subsides and the first ethane cargo arrives, which could be as soon as Wednesday,Â Ineos says the fortunes of the UK's largest chemicals site should be transformed almost overnight.For the best part of a decade the plant's giant gas "cracker", which turns ethane into ethylene for use making plastics, has been running at only half its capacity due to lack of feedstock.The new US supplies should allow it to ramp up to full production again, with an ethane ship expected to be arriving once every week within a year.From losing hundreds of millions of pounds a year a few years ago, Grangemouth should become "significantly profitable", making as much as Â£100m a year."Without shale gas, it wouldn't be here today," Ratcliffe says.Â So far, so hard to argue with.Â But Ratcliffe doesn't just want to prove the merits of shale gas imports: he also wants to spearhead a domestic UK fracking industry.Here, too, he has taken a characteristically bold approach, entering the market in 2014Â with a pledge to spend up to $1bn and scooping up more exploration licences than any other company when the Government awarded drilling rights last year.Â His argument is simple: that only domestic shale gas production from fracking can help revive British manufacturing which, he says, has "collapsed" over the past decade."I don't think it's good for UK to have no manufacturing. Saving Grangemouth is a brick in the wall to arresting that decline but if we do develop a shale gas industry in the UK maybe that has the potential to reverse that decline," he argues. "There clearly is a lot of shale in the UK and there is no reason it can't do the same things to UK manufacturing industry as it has in America."As yet, there is little sign of that: not a single well has been fracked since 2011 amid fierce criticism of shale gas on environmental, climate and Nimby grounds.Â While Ratcliffe concedes accidents will sometimes happen, he says fracking can be carried out safely and insists it is basic economics that it will herald cheap energy for the UK. He hopes "common sense will prevail", insisting there is "no science behind the arguments" made by a "vocal minority".Â But for his critics, such as Greenpeace, it is Ineos's arguments that don't stack up. Last week, the UK advertising watchdog ruled in favour of the environmental group's assertion that most experts agree fracking won't cut energy bills"Ineos's publicity stunt is riddled with overblown and outdated claims about the benefits of fracking," Hannah Martin of Greenpeace says.While the BritishÂ Government has so far maintained support for fracking, the SNP has imposed a moratorium on the practice in Scotland - meaning Ineos cannot explore licences near Grangemouth itself - and snubbed yesterday's event. TheÂ When it comes to winning the argument on the merits of domestic shale gas, it seems Ratcliffe may be battling the headwinds for some time.Â Â © Telegraph Media Group Limited 2016"
}
}